{
    "pl_orbper": {
        "min": 0.090706293,
        "max": 402000000.0,
        "median": 10.687576
    },
    "pl_orbsmax": {
        "min": 0.0044,
        "max": 19000.0,
        "median": 0.1022
    },
    "pl_rade": {
        "min": 0.3098,
        "max": 87.20586985,
        "median": 2.84
    },
    "pl_radj": {
        "min": 0.02763855,
        "max": 7.78,
        "median": 0.25336783
    },
    "pl_bmasse": {
        "min": 0.02,
        "max": 9534.85221,
        "median": 9.2
    },
    "pl_bmassj": {
        "min": 6.293e-05,
        "max": 30.0,
        "median": 0.02894644
    },
    "pl_orbeccen": {
        "min": 0.0,
        "max": 0.95,
        "median": 0.0
    },
    "st_teff": {
        "min": 415.0,
        "max": 57000.0,
        "median": 5542.0
    },
    "st_mass": {
        "min": 0.0094,
        "max": 10.94,
        "median": 0.94
    },
    "st_rad": {
        "min": 0.0115,
        "max": 88.475,
        "median": 0.95
    },
    "sy_dist": {
        "min": 1.30119,
        "max": 8500.0,
        "median": 366.3105
    },
    "sy_gaiamag": {
        "min": 2.36431,
        "max": 20.1861,
        "median": 12.93695
    }
}